Date_of_Loss,Total_Cost
1/1/2008 0:00,764640.58
1/2/2008 0:00,1657091.99
1/3/2008 0:00,912044.79
1/4/2008 0:00,1587869.87
1/5/2008 0:00,410630.47
1/6/2008 0:00,441935.68
1/7/2008 0:00,1416516.27
1/8/2008 0:00,1601910.04
1/9/2008 0:00,1060636.55
1/10/2008 0:00,927464.85
1/11/2008 0:00,1476517.85
1/12/2008 0:00,440073.87
1/13/2008 0:00,295394
1/14/2008 0:00,1877372.61
1/15/2008 0:00,1528620.66
1/16/2008 0:00,960968.79
1/17/2008 0:00,1762002.19
1/18/2008 0:00,1162333.61
1/19/2008 0:00,651668.7
1/20/2008 0:00,711365.45
1/21/2008 0:00,847189.89
1/22/2008 0:00,1422980.32
1/23/2008 0:00,1498104.29
1/24/2008 0:00,1441327.27
1/25/2008 0:00,1556016.59
1/26/2008 0:00,571964.67
1/27/2008 0:00,346638.16
1/28/2008 0:00,1206946.41
1/29/2008 0:00,1559972.15
1/30/2008 0:00,1107973.38
1/31/2008 0:00,1736515.16
2/1/2008 0:00,2067569.92
2/2/2008 0:00,782068.78
2/3/2008 0:00,379935.26
2/4/2008 0:00,1398018.86
2/5/2008 0:00,1182171.28
2/6/2008 0:00,2264804.78
2/7/2008 0:00,1937905.21
2/8/2008 0:00,1518924.29
2/9/2008 0:00,604609
2/10/2008 0:00,583092.8
2/11/2008 0:00,1853721.65
2/12/2008 0:00,1610022.43
2/13/2008 0:00,1459675.78
2/14/2008 0:00,1034740.67
2/15/2008 0:00,1000803.53
2/16/2008 0:00,512012.33
2/17/2008 0:00,276328.59
2/18/2008 0:00,2462544.72
2/19/2008 0:00,1666100.41
2/20/2008 0:00,1460880.33
2/21/2008 0:00,1939644.36
2/22/2008 0:00,1414687.87
2/23/2008 0:00,450335.76
2/24/2008 0:00,528469.65
2/25/2008 0:00,1652768.19
2/26/2008 0:00,1579431.42
2/27/2008 0:00,1435207.32
2/28/2008 0:00,1100271.77
2/29/2008 0:00,1248353.53
3/1/2008 0:00,1383247.47
3/2/2008 0:00,530728.38
3/3/2008 0:00,1468474.43
3/4/2008 0:00,1944192.94
3/5/2008 0:00,1481846.37
3/6/2008 0:00,1594924.43
3/7/2008 0:00,1193193.24
3/8/2008 0:00,640802.73
3/9/2008 0:00,313561.95
3/10/2008 0:00,1356602.66
3/11/2008 0:00,874789.44
3/12/2008 0:00,943582.19
3/13/2008 0:00,1111767.61
3/14/2008 0:00,730760.86
3/15/2008 0:00,425981.83
3/16/2008 0:00,464246.72
3/17/2008 0:00,1294478.71
3/18/2008 0:00,1232733.28
3/19/2008 0:00,1044667.42
3/20/2008 0:00,779102.99
3/21/2008 0:00,671253.51
3/22/2008 0:00,309548.51
3/23/2008 0:00,540146.32
3/24/2008 0:00,1385771.59
3/25/2008 0:00,1059894.24
3/26/2008 0:00,901422.57
3/27/2008 0:00,725906.87
3/28/2008 0:00,1533869.23
3/29/2008 0:00,293175.59
3/30/2008 0:00,736118.27
3/31/2008 0:00,1116983.78
4/1/2008 0:00,1489087.6
4/2/2008 0:00,1226071.28
4/3/2008 0:00,939946.9
4/4/2008 0:00,840087.76
4/5/2008 0:00,531607.5
4/6/2008 0:00,1075058.3
4/7/2008 0:00,1363230.73
4/8/2008 0:00,1609328.23
4/9/2008 0:00,1408837.72
4/10/2008 0:00,1333828.81
4/11/2008 0:00,1135860.5
4/12/2008 0:00,677812.16
4/13/2008 0:00,697817.68
4/14/2008 0:00,1715715.88
4/15/2008 0:00,975940.13
4/16/2008 0:00,1270258.29
4/17/2008 0:00,1204368.71
4/18/2008 0:00,983322.14
4/19/2008 0:00,388088.62
4/20/2008 0:00,322787.32
4/21/2008 0:00,1612473.45
4/22/2008 0:00,1031146.77
4/23/2008 0:00,675262.74
4/24/2008 0:00,1172648.26
4/25/2008 0:00,1210940.1
4/26/2008 0:00,497908.01
4/27/2008 0:00,288593.24
4/28/2008 0:00,1632597.06
4/29/2008 0:00,1010847.6
4/30/2008 0:00,1597133.88
5/1/2008 0:00,1538536.16
5/2/2008 0:00,1235457.14
5/3/2008 0:00,713460.31
5/4/2008 0:00,372067.15
5/5/2008 0:00,1061769.21
5/6/2008 0:00,1799083.64
5/7/2008 0:00,876424.03
5/8/2008 0:00,1229277.1
5/9/2008 0:00,1279515.15
5/10/2008 0:00,485742.83
5/11/2008 0:00,4086815.27
5/12/2008 0:00,1639382.89
5/13/2008 0:00,1651749.38
5/14/2008 0:00,1995517.79
5/15/2008 0:00,744385.6
5/16/2008 0:00,949050.87
5/17/2008 0:00,614558.21
5/18/2008 0:00,316047.62
5/19/2008 0:00,1160694.8
5/20/2008 0:00,1038615.09
5/21/2008 0:00,1067048.55
5/22/2008 0:00,791738.44
5/23/2008 0:00,658979.47
5/24/2008 0:00,234786.9
5/25/2008 0:00,333164.42
5/26/2008 0:00,474313.77
5/27/2008 0:00,1547285.77
5/28/2008 0:00,1067458.67
5/29/2008 0:00,1519910.79
5/30/2008 0:00,1099169.02
5/31/2008 0:00,526231.08
6/1/2008 0:00,474078.95
6/2/2008 0:00,1508826.27
6/3/2008 0:00,859282.11
6/4/2008 0:00,1071912.3
6/5/2008 0:00,1045202.3
6/6/2008 0:00,1866625.94
6/7/2008 0:00,408472.24
6/8/2008 0:00,519045.27
6/9/2008 0:00,1822502.07
6/10/2008 0:00,1238713.04
6/11/2008 0:00,987806.98
6/12/2008 0:00,983068.49
6/13/2008 0:00,990357.87
6/14/2008 0:00,357630.23
6/15/2008 0:00,405443.88
6/16/2008 0:00,1668750.96
6/17/2008 0:00,1132241.05
6/18/2008 0:00,951133.22
6/19/2008 0:00,1018663.15
6/20/2008 0:00,1543905.16
6/21/2008 0:00,710964.7
6/22/2008 0:00,160199.26
6/23/2008 0:00,1029652.82
6/24/2008 0:00,961820.92
6/25/2008 0:00,1555106.4
6/26/2008 0:00,1443919.48
6/27/2008 0:00,1192374.76
6/28/2008 0:00,676691.92
6/29/2008 0:00,452215.32
6/30/2008 0:00,1283032.49
7/1/2008 0:00,1527838.24
7/2/2008 0:00,857505
7/3/2008 0:00,571167.34
7/4/2008 0:00,219560.25
7/5/2008 0:00,475464.79
7/6/2008 0:00,237398.71
7/7/2008 0:00,1446972.35
7/8/2008 0:00,900973.25
7/9/2008 0:00,815539.64
7/10/2008 0:00,1420445.25
7/11/2008 0:00,1412321.61
7/12/2008 0:00,477111.32
7/13/2008 0:00,481120.94
7/14/2008 0:00,830728.86
7/15/2008 0:00,1709224.26
7/16/2008 0:00,1114799.28
7/17/2008 0:00,1185104.14
7/18/2008 0:00,1118625.09
7/19/2008 0:00,373591.06
7/20/2008 0:00,628250.49
7/21/2008 0:00,1301065.66
7/22/2008 0:00,1786656.5
7/23/2008 0:00,1570222.38
7/24/2008 0:00,1457467.27
7/25/2008 0:00,1220167
7/26/2008 0:00,1136471.16
7/27/2008 0:00,380961.69
7/28/2008 0:00,1244971.59
7/29/2008 0:00,896971.12
7/30/2008 0:00,1659945.05
7/31/2008 0:00,1497396.3
8/1/2008 0:00,1131218.77
8/2/2008 0:00,282373.19
8/3/2008 0:00,279081.04
8/4/2008 0:00,1289493.33
8/5/2008 0:00,1112110.99
8/6/2008 0:00,862289.33
8/7/2008 0:00,1088082.36
8/8/2008 0:00,1234980.41
8/9/2008 0:00,404221.52
8/10/2008 0:00,259415.78
8/11/2008 0:00,1124968.34
8/12/2008 0:00,1306124.38
8/13/2008 0:00,1253341.82
8/14/2008 0:00,1023852.37
8/15/2008 0:00,1211263.29
8/16/2008 0:00,534373.76
8/17/2008 0:00,497575.11
8/18/2008 0:00,1322352.76
8/19/2008 0:00,1031556.29
8/20/2008 0:00,1362550.79
8/21/2008 0:00,908429.55
8/22/2008 0:00,939241.42
8/23/2008 0:00,426138.89
8/24/2008 0:00,379064.08
8/25/2008 0:00,1060297.07
8/26/2008 0:00,1956928.63
8/27/2008 0:00,793685.84
8/28/2008 0:00,1336077.32
8/29/2008 0:00,963027.74
8/30/2008 0:00,241797.89
8/31/2008 0:00,213685.48
9/1/2008 0:00,1051861.49
9/2/2008 0:00,722433.46
9/3/2008 0:00,1362418.16
9/4/2008 0:00,987984.22
9/5/2008 0:00,903357.52
9/6/2008 0:00,564695.24
9/7/2008 0:00,422621.04
9/8/2008 0:00,2007212.76
9/9/2008 0:00,1122830.73
9/10/2008 0:00,1564331.51
9/11/2008 0:00,985877.4
9/12/2008 0:00,1556474.53
9/13/2008 0:00,1147241.46
9/14/2008 0:00,701324.77
9/15/2008 0:00,1549877.55
9/16/2008 0:00,1690437.15
9/17/2008 0:00,1222337.29
9/18/2008 0:00,1983581.8
9/19/2008 0:00,912425.36
9/20/2008 0:00,443360.55
9/21/2008 0:00,317012.12
9/22/2008 0:00,1088641.18
9/23/2008 0:00,1326179.01
9/24/2008 0:00,1069896.6
9/25/2008 0:00,1132592.01
9/26/2008 0:00,1192193.74
9/27/2008 0:00,378943.71
9/28/2008 0:00,224249.81
9/29/2008 0:00,1281890.77
9/30/2008 0:00,1040795.94
10/1/2008 0:00,1487281.57
10/2/2008 0:00,1113791.53
10/3/2008 0:00,742919.45
10/4/2008 0:00,365105.62
10/5/2008 0:00,373326.83
10/6/2008 0:00,1719880.03
10/7/2008 0:00,913817.29
10/8/2008 0:00,965772.66
10/9/2008 0:00,1353676.11
10/10/2008 0:00,957425.56
10/11/2008 0:00,1007074.92
10/12/2008 0:00,563635.36
10/13/2008 0:00,970576.03
10/14/2008 0:00,1195103.99
10/15/2008 0:00,1753785.19
10/16/2008 0:00,955222.29
10/17/2008 0:00,787947.71
10/18/2008 0:00,597333.9
10/19/2008 0:00,175732.51
10/20/2008 0:00,1101819.28
10/21/2008 0:00,1160208.03
10/22/2008 0:00,1431511.69
10/23/2008 0:00,1202716.58
10/24/2008 0:00,1089245
10/25/2008 0:00,556926.68
10/26/2008 0:00,340682.57
10/27/2008 0:00,1184923.96
10/28/2008 0:00,1612991.11
10/29/2008 0:00,789762.45
10/30/2008 0:00,1213967.02
10/31/2008 0:00,984364.2
11/1/2008 0:00,327091.46
11/2/2008 0:00,355388.13
11/3/2008 0:00,1000411.87
11/4/2008 0:00,866546.33
11/5/2008 0:00,1076256.23
11/6/2008 0:00,898489.8
11/7/2008 0:00,1288195.28
11/8/2008 0:00,475535.83
11/9/2008 0:00,264115.02
11/10/2008 0:00,1665299.21
11/11/2008 0:00,863456.49
11/12/2008 0:00,1528150.38
11/13/2008 0:00,591289.04
11/14/2008 0:00,1047440.07
11/15/2008 0:00,864370.89
11/16/2008 0:00,186789.13
11/17/2008 0:00,1233449.02
11/18/2008 0:00,630514.1
11/19/2008 0:00,912472.41
11/20/2008 0:00,1152364.52
11/21/2008 0:00,599121.3
11/22/2008 0:00,339048.69
11/23/2008 0:00,366232.21
11/24/2008 0:00,1124925.19
11/25/2008 0:00,1094330.74
11/26/2008 0:00,925506.24
11/27/2008 0:00,253284.16
11/28/2008 0:00,848379.36
11/29/2008 0:00,364641.31
11/30/2008 0:00,324299
12/1/2008 0:00,1223975.82
12/2/2008 0:00,1798402.71
12/3/2008 0:00,1055745.93
12/4/2008 0:00,1386699.87
12/5/2008 0:00,885984.67
12/6/2008 0:00,535401.61
12/7/2008 0:00,313785.54
12/8/2008 0:00,1344317.79
12/9/2008 0:00,1080352.57
12/10/2008 0:00,1597047.52
12/11/2008 0:00,1285885.87
12/12/2008 0:00,1187761.4
12/13/2008 0:00,314043.21
12/14/2008 0:00,385105.82
12/15/2008 0:00,1179508.21
12/16/2008 0:00,1710972.08
12/17/2008 0:00,1295991.94
12/18/2008 0:00,1324114.65
12/19/2008 0:00,812716.99
12/20/2008 0:00,540830.28
12/21/2008 0:00,329709.62
12/22/2008 0:00,628787.55
12/23/2008 0:00,1329742.85
12/24/2008 0:00,646440.25
12/25/2008 0:00,103067.97
12/26/2008 0:00,984848.46
12/27/2008 0:00,479218.5
12/28/2008 0:00,268766.84
12/29/2008 0:00,955480.25
12/30/2008 0:00,1117290.22
12/31/2008 0:00,940089.32
1/1/2009 0:00,534747.03
1/2/2009 0:00,538448.69
1/3/2009 0:00,638891.94
1/4/2009 0:00,511499.1
1/5/2009 0:00,1498439.64
1/6/2009 0:00,1728508.59
1/7/2009 0:00,895252.5
1/8/2009 0:00,1878509.18
1/9/2009 0:00,939050.18
1/10/2009 0:00,954874.54
1/11/2009 0:00,257560.5
1/12/2009 0:00,1312770.24
1/13/2009 0:00,838619.69
1/14/2009 0:00,1368837.88
1/15/2009 0:00,1405021.96
1/16/2009 0:00,952299.73
1/17/2009 0:00,429431.55
1/18/2009 0:00,145139.39
1/19/2009 0:00,967800.55
1/20/2009 0:00,1204557.77
1/21/2009 0:00,730796.15
1/22/2009 0:00,1038762.79
1/23/2009 0:00,1047718.71
1/24/2009 0:00,300279.06
1/25/2009 0:00,404419.01
1/26/2009 0:00,886300.43
1/27/2009 0:00,1160641.52
1/28/2009 0:00,1371626.44
1/29/2009 0:00,1493693.77
1/30/2009 0:00,1022073.02
1/31/2009 0:00,369577.57
2/1/2009 0:00,717040.89
2/2/2009 0:00,1312833.83
2/3/2009 0:00,3148606.38
2/4/2009 0:00,1045665.32
2/5/2009 0:00,948067.67
2/6/2009 0:00,1161936.4
2/7/2009 0:00,472883.4
2/8/2009 0:00,188515.88
2/9/2009 0:00,1412771.89
2/10/2009 0:00,1010748.93
2/11/2009 0:00,1035297.02
2/12/2009 0:00,2058871.53
2/13/2009 0:00,813295.58
2/14/2009 0:00,510566.94
2/15/2009 0:00,303203.1
2/16/2009 0:00,1118567.84
2/17/2009 0:00,1233170.39
2/18/2009 0:00,757855.9
2/19/2009 0:00,1043622
2/20/2009 0:00,819039.54
2/21/2009 0:00,565868.26
2/22/2009 0:00,316382.82
2/23/2009 0:00,1136125.14
2/24/2009 0:00,1071715.62
2/25/2009 0:00,1267488.81
2/26/2009 0:00,1172018.67
2/27/2009 0:00,1302851.98
2/28/2009 0:00,602509.55
3/1/2009 0:00,638275.19
3/2/2009 0:00,930012.77
3/3/2009 0:00,1172320.23
3/4/2009 0:00,749306.43
3/5/2009 0:00,749783.2
3/6/2009 0:00,689163.26
3/7/2009 0:00,221805.01
3/8/2009 0:00,276317.25
3/9/2009 0:00,799684.92
3/10/2009 0:00,1253051.36
3/11/2009 0:00,991832.81
3/12/2009 0:00,802698.67
3/13/2009 0:00,1028931.44
3/14/2009 0:00,225057.85
3/15/2009 0:00,708191.52
3/16/2009 0:00,939478.17
3/17/2009 0:00,586225.84
3/18/2009 0:00,700526.73
3/19/2009 0:00,924659.6
3/20/2009 0:00,787531.27
3/21/2009 0:00,222291.81
3/22/2009 0:00,332167.73
3/23/2009 0:00,1241940.16
3/24/2009 0:00,805684.44
3/25/2009 0:00,1099879.29
3/26/2009 0:00,1267274.31
3/27/2009 0:00,737501.99
3/28/2009 0:00,331508.44
3/29/2009 0:00,434562.2
3/30/2009 0:00,804186.23
3/31/2009 0:00,1005162.29
4/1/2009 0:00,833818.68
4/2/2009 0:00,990648.05
4/3/2009 0:00,785777.03
4/4/2009 0:00,426798.41
4/5/2009 0:00,229645.52
4/6/2009 0:00,1054466.88
4/7/2009 0:00,1076757.33
4/8/2009 0:00,788231.05
4/9/2009 0:00,1305891.06
4/10/2009 0:00,490349.71
4/11/2009 0:00,137976.35
4/12/2009 0:00,199715.18
4/13/2009 0:00,1029831.81
4/14/2009 0:00,975624.59
4/15/2009 0:00,1259423.02
4/16/2009 0:00,966448.66
4/17/2009 0:00,713510.55
4/18/2009 0:00,139812.38
4/19/2009 0:00,362701.94
4/20/2009 0:00,973049.23
4/21/2009 0:00,1047183.13
4/22/2009 0:00,977026.39
4/23/2009 0:00,838806.27
4/24/2009 0:00,963927.13
4/25/2009 0:00,328453.31
4/26/2009 0:00,167731.15
4/27/2009 0:00,1087065.9
4/28/2009 0:00,1105723.75
4/29/2009 0:00,1514700.48
4/30/2009 0:00,476739.9
5/1/2009 0:00,1247268.24
5/2/2009 0:00,334511.88
5/3/2009 0:00,253783.61
5/4/2009 0:00,837048.79
5/5/2009 0:00,886285.28
5/6/2009 0:00,741978.19
5/7/2009 0:00,860133.69
5/8/2009 0:00,858464.43
5/9/2009 0:00,388012.39
5/10/2009 0:00,309297.98
5/11/2009 0:00,1245402.24
5/12/2009 0:00,943560.82
5/13/2009 0:00,809828.16
5/14/2009 0:00,659768.01
5/15/2009 0:00,1131976.94
5/16/2009 0:00,279092.57
5/17/2009 0:00,357229.4
5/18/2009 0:00,816127.58
5/19/2009 0:00,1197613.68
5/20/2009 0:00,668361.8
5/21/2009 0:00,836790.47
5/22/2009 0:00,1289312.6
5/23/2009 0:00,598518.51
5/24/2009 0:00,210254.18
5/25/2009 0:00,271469.06
5/26/2009 0:00,1353902.28
5/27/2009 0:00,1217497.88
5/28/2009 0:00,1085424.63
5/29/2009 0:00,918526.79
5/30/2009 0:00,292305.42
5/31/2009 0:00,294667.75
6/1/2009 0:00,1276283.72
6/2/2009 0:00,1989640.95
6/3/2009 0:00,980895.69
6/4/2009 0:00,846443
6/5/2009 0:00,1066576.86
6/6/2009 0:00,533170.51
6/7/2009 0:00,392593.25
6/8/2009 0:00,1021305.94
6/9/2009 0:00,1270024.35
6/10/2009 0:00,887601.8
6/11/2009 0:00,1067180.29
6/12/2009 0:00,1155889.14
6/13/2009 0:00,336163.17
6/14/2009 0:00,218357.44
6/15/2009 0:00,1040788.74
6/16/2009 0:00,876720.17
6/17/2009 0:00,921504.17
6/18/2009 0:00,804669.32
6/19/2009 0:00,800470.84
6/20/2009 0:00,485802.91
6/21/2009 0:00,185275.36
6/22/2009 0:00,1055420.85
6/23/2009 0:00,1080041.33
6/24/2009 0:00,766083.07
6/25/2009 0:00,825804.12
6/26/2009 0:00,533208.04
6/27/2009 0:00,258081.61
6/28/2009 0:00,242213.77
6/29/2009 0:00,1039222.25
6/30/2009 0:00,894021.4
7/1/2009 0:00,639019.73
7/2/2009 0:00,894703.18
7/3/2009 0:00,566402.01
7/4/2009 0:00,248075.99
7/5/2009 0:00,231374.68
7/6/2009 0:00,932351.94
7/7/2009 0:00,917552.45
7/8/2009 0:00,798303.71
7/9/2009 0:00,818430.85
7/10/2009 0:00,572220.82
7/11/2009 0:00,320470.47
7/12/2009 0:00,514286.27
7/13/2009 0:00,1453903.36
7/14/2009 0:00,724694.05
7/15/2009 0:00,1407577.76
7/16/2009 0:00,695780.62
7/17/2009 0:00,544110.38
7/18/2009 0:00,888806.35
7/19/2009 0:00,311610.18
7/20/2009 0:00,826538.22
7/21/2009 0:00,1283036.11
7/22/2009 0:00,1071457.67
7/23/2009 0:00,912015.6
7/24/2009 0:00,745515.02
7/25/2009 0:00,318963.63
7/26/2009 0:00,484446.52
7/27/2009 0:00,1163574.83
7/28/2009 0:00,1038069.94
7/29/2009 0:00,1026524.38
7/30/2009 0:00,1689285.02
7/31/2009 0:00,689387.17
8/1/2009 0:00,494887.45
8/2/2009 0:00,196539.3
8/3/2009 0:00,1593050
8/4/2009 0:00,1038345.79
8/5/2009 0:00,912925.23
8/6/2009 0:00,810875.39
8/7/2009 0:00,726950.13
8/8/2009 0:00,765018.1
8/9/2009 0:00,334319.23
8/10/2009 0:00,805994.63
8/11/2009 0:00,804375.01
8/12/2009 0:00,1222522.41
8/13/2009 0:00,1086352.56
8/14/2009 0:00,683393.82
8/15/2009 0:00,441882.34
8/16/2009 0:00,454183
8/17/2009 0:00,1297317.41
8/18/2009 0:00,692634.95
8/19/2009 0:00,1108548.6
8/20/2009 0:00,1439760.78
8/21/2009 0:00,950428.73
8/22/2009 0:00,389107.71
8/23/2009 0:00,218853.59
8/24/2009 0:00,1177625.03
8/25/2009 0:00,916313.14
8/26/2009 0:00,1022653.1
8/27/2009 0:00,1032918.89
8/28/2009 0:00,844583.01
8/29/2009 0:00,469619.1
8/30/2009 0:00,296752.53
8/31/2009 0:00,883753.73
9/1/2009 0:00,890079.65
9/2/2009 0:00,844445.41
9/3/2009 0:00,983403.57
9/4/2009 0:00,1013116.17
9/5/2009 0:00,496245.4
9/6/2009 0:00,161744.08
9/7/2009 0:00,526593.75
9/8/2009 0:00,1201577.11
9/9/2009 0:00,486282.1
9/10/2009 0:00,1188190.21
9/11/2009 0:00,805363.86
9/12/2009 0:00,579831.12
9/13/2009 0:00,835455.89
9/14/2009 0:00,672110.79
9/15/2009 0:00,859115.12
9/16/2009 0:00,1394147.63
9/17/2009 0:00,926289.79
9/18/2009 0:00,815135.28
9/19/2009 0:00,288870.43
9/20/2009 0:00,320998.89
9/21/2009 0:00,1110317.12
9/22/2009 0:00,677435.05
9/23/2009 0:00,733487.31
9/24/2009 0:00,614296.49
9/25/2009 0:00,541713.19
9/26/2009 0:00,248124.03
9/27/2009 0:00,229916.7
9/28/2009 0:00,1201559.38
9/29/2009 0:00,765825.36
9/30/2009 0:00,1116744.38
10/1/2009 0:00,1058277.46
10/2/2009 0:00,800751.28
10/3/2009 0:00,472641.55
10/4/2009 0:00,155499.78
10/5/2009 0:00,702025.52
10/6/2009 0:00,915770.27
10/7/2009 0:00,1251753.84
10/8/2009 0:00,911269.63
10/9/2009 0:00,747016.24
10/10/2009 0:00,334170.83
10/11/2009 0:00,297536
10/12/2009 0:00,937864.74
10/13/2009 0:00,728302.19
10/14/2009 0:00,917621.38
10/15/2009 0:00,528374.93
10/16/2009 0:00,604084.1
10/17/2009 0:00,251541.13
10/18/2009 0:00,252899.2
10/19/2009 0:00,828213.01
10/20/2009 0:00,1058237.3
10/21/2009 0:00,1053153.19
10/22/2009 0:00,1134791.28
10/23/2009 0:00,784036.97
10/24/2009 0:00,336488.33
10/25/2009 0:00,402591.9
10/26/2009 0:00,897171.69
10/27/2009 0:00,1079828.14
10/28/2009 0:00,432889.08
10/29/2009 0:00,864336.34
10/30/2009 0:00,959681.4
10/31/2009 0:00,229850.44
11/1/2009 0:00,316792.35
11/2/2009 0:00,1036480.98
11/3/2009 0:00,941129.32
11/4/2009 0:00,1031603.15
11/5/2009 0:00,943250.37
11/6/2009 0:00,588397.16
11/7/2009 0:00,409392.36
11/8/2009 0:00,242813.33
11/9/2009 0:00,1002840.28
11/10/2009 0:00,1277222.04
11/11/2009 0:00,790421.58
11/12/2009 0:00,998764.54
11/13/2009 0:00,804608.9
11/14/2009 0:00,162105.6
11/15/2009 0:00,605559.15
11/16/2009 0:00,1443147.88
11/17/2009 0:00,936851.72
11/18/2009 0:00,1124568.31
11/19/2009 0:00,947310.21
11/20/2009 0:00,780229.01
11/21/2009 0:00,267260.24
11/22/2009 0:00,302397.56
11/23/2009 0:00,942203.95
11/24/2009 0:00,848730.22
11/25/2009 0:00,619289.02
11/26/2009 0:00,76730.09
11/27/2009 0:00,320553.49
11/28/2009 0:00,301466.23
11/29/2009 0:00,601911.56
11/30/2009 0:00,662600.94
12/1/2009 0:00,1052015.83
12/2/2009 0:00,870160.24
12/3/2009 0:00,760615.81
12/4/2009 0:00,1036106.27
12/5/2009 0:00,347482.63
12/6/2009 0:00,210885.11
12/7/2009 0:00,1415537.49
12/8/2009 0:00,1242504.11
12/9/2009 0:00,1292219.19
12/10/2009 0:00,1278762.7
12/11/2009 0:00,820762.13
12/12/2009 0:00,275957.89
12/13/2009 0:00,129987.15
12/14/2009 0:00,1027012.42
12/15/2009 0:00,1014669.46
12/16/2009 0:00,870485.01
12/17/2009 0:00,991607.56
12/18/2009 0:00,454542.75
12/19/2009 0:00,524537.41
12/20/2009 0:00,338654.32
12/21/2009 0:00,631337
12/22/2009 0:00,830372.1
12/23/2009 0:00,1026226.9
12/24/2009 0:00,801079.44
12/25/2009 0:00,53193.68
12/26/2009 0:00,367279.1
12/27/2009 0:00,386388.84
12/28/2009 0:00,725743.7
12/29/2009 0:00,1151911.87
12/30/2009 0:00,625249.87
12/31/2009 0:00,397628.75
1/1/2010 0:00,302475.36
1/2/2010 0:00,209056.72
1/3/2010 0:00,319269.41
1/4/2010 0:00,1215417.64
1/5/2010 0:00,1284469.86
1/6/2010 0:00,680641.33
1/7/2010 0:00,1245356.21
1/8/2010 0:00,1233424.04
1/9/2010 0:00,412209.34
1/10/2010 0:00,443260.25
1/11/2010 0:00,1326855.52
1/12/2010 0:00,955015.47
1/13/2010 0:00,1006349.1
1/14/2010 0:00,974074.09
1/15/2010 0:00,1278209.73
1/16/2010 0:00,413683.94
1/17/2010 0:00,185818.69
1/18/2010 0:00,818011.57
1/19/2010 0:00,1389521.48
1/20/2010 0:00,905461.55
1/21/2010 0:00,978569.85
1/22/2010 0:00,797168.7
1/23/2010 0:00,268782.95
1/24/2010 0:00,150165.27
1/25/2010 0:00,1370155.1
1/26/2010 0:00,994019.13
1/27/2010 0:00,696876.58
1/28/2010 0:00,864340.09
1/29/2010 0:00,575980.97
1/30/2010 0:00,555866.27
1/31/2010 0:00,334715.78
2/1/2010 0:00,1374216.67
2/2/2010 0:00,1329939.12
2/3/2010 0:00,1105162.68
2/4/2010 0:00,1295832.87
2/5/2010 0:00,863119.33
2/6/2010 0:00,332827.92
2/7/2010 0:00,419901.75
2/8/2010 0:00,1387573.83
2/9/2010 0:00,1204239.42
2/10/2010 0:00,1095076.44
2/11/2010 0:00,865457.7
2/12/2010 0:00,742356.71
2/13/2010 0:00,410949.92
2/14/2010 0:00,250084.12
2/15/2010 0:00,764505.2
2/16/2010 0:00,810828.99
2/17/2010 0:00,1320301.92
2/18/2010 0:00,935836.58
2/19/2010 0:00,1147331.33
2/20/2010 0:00,472044.75
2/21/2010 0:00,713142.52
2/22/2010 0:00,1833212.33
2/23/2010 0:00,1087268.32
2/24/2010 0:00,1180864.42
2/25/2010 0:00,1381917.2
2/26/2010 0:00,902125.42
2/27/2010 0:00,300974.64
2/28/2010 0:00,401056.31
3/1/2010 0:00,909674.58
3/2/2010 0:00,1124314.44
3/3/2010 0:00,1518041.25
3/4/2010 0:00,857827.01
3/5/2010 0:00,732523.42
3/6/2010 0:00,395738.21
3/7/2010 0:00,233062.28
3/8/2010 0:00,1122254.15
3/9/2010 0:00,878424.21
3/10/2010 0:00,1020591.45
3/11/2010 0:00,1351863.45
3/12/2010 0:00,831722.6
3/13/2010 0:00,168449.17
3/14/2010 0:00,148999.76
3/15/2010 0:00,1209127.54
3/16/2010 0:00,686868.71
3/17/2010 0:00,865776.75
3/18/2010 0:00,846728.2
3/19/2010 0:00,1141817.54
3/20/2010 0:00,375836.68
3/21/2010 0:00,307026.64
3/22/2010 0:00,745180.14
3/23/2010 0:00,789835.17
3/24/2010 0:00,826037.53
3/25/2010 0:00,751992.06
3/26/2010 0:00,884014.88
3/27/2010 0:00,310377.86
3/28/2010 0:00,372525.41
3/29/2010 0:00,1298050.58
3/30/2010 0:00,998781.96
3/31/2010 0:00,967725.91
4/1/2010 0:00,1274857.2
4/2/2010 0:00,561892.4
4/3/2010 0:00,314883.85
4/4/2010 0:00,279931.93
4/5/2010 0:00,623035.94
4/6/2010 0:00,845314.64
4/7/2010 0:00,1398780.63
4/8/2010 0:00,915152.83
4/9/2010 0:00,1210749.81
4/10/2010 0:00,587210.27
4/11/2010 0:00,316646.96
4/12/2010 0:00,965463.52
4/13/2010 0:00,940515.76
4/14/2010 0:00,916103.06
4/15/2010 0:00,1327279.47
4/16/2010 0:00,1212436.81
4/17/2010 0:00,200315.43
4/18/2010 0:00,527823.06
4/19/2010 0:00,930389.69
4/20/2010 0:00,1008863.27
4/21/2010 0:00,893183.25
4/22/2010 0:00,827930.23
4/23/2010 0:00,1334313.61
4/24/2010 0:00,226993.7
4/25/2010 0:00,423137.29
4/26/2010 0:00,1134682.13
4/27/2010 0:00,1198779.36
4/28/2010 0:00,1392121.48
4/29/2010 0:00,870210.06
4/30/2010 0:00,872360.57
5/1/2010 0:00,436716.46
5/2/2010 0:00,255701.53
5/3/2010 0:00,1146650.09
5/4/2010 0:00,747736.18
5/5/2010 0:00,643556.28
5/6/2010 0:00,670699.07
5/7/2010 0:00,836869.07
5/8/2010 0:00,264832.6
5/9/2010 0:00,422714.09
5/10/2010 0:00,1200958.28
5/11/2010 0:00,664667.59
5/12/2010 0:00,1043699.85
5/13/2010 0:00,966365.29
5/14/2010 0:00,976396.9
5/15/2010 0:00,484245.5
5/16/2010 0:00,329484.79
5/17/2010 0:00,800152.28
5/18/2010 0:00,819589.03
5/19/2010 0:00,958438.33
5/20/2010 0:00,999684.44
5/21/2010 0:00,628614.39
5/22/2010 0:00,121889.13
5/23/2010 0:00,226477.87
5/24/2010 0:00,1168932.26
5/25/2010 0:00,1031585.11
5/26/2010 0:00,950815.95
5/27/2010 0:00,625482.47
5/28/2010 0:00,812622.08
5/29/2010 0:00,241987.09
5/30/2010 0:00,237027.03
5/31/2010 0:00,177170.83
6/1/2010 0:00,721126.18
6/2/2010 0:00,988661.68
6/3/2010 0:00,905458.67
6/4/2010 0:00,1000736.67
6/5/2010 0:00,469833.02
6/6/2010 0:00,305337.3
6/7/2010 0:00,867791.68
6/8/2010 0:00,869572.23
6/9/2010 0:00,847507.52
6/10/2010 0:00,819231.92
6/11/2010 0:00,876992.9
6/12/2010 0:00,333023.37
6/13/2010 0:00,280202.38
6/14/2010 0:00,912852.73
6/15/2010 0:00,889962.37
6/16/2010 0:00,666457.32
6/17/2010 0:00,894320.75
6/18/2010 0:00,549318.59
6/19/2010 0:00,507238.88
6/20/2010 0:00,340778.27
6/21/2010 0:00,824541.47
6/22/2010 0:00,814136.44
6/23/2010 0:00,643090.11
6/24/2010 0:00,866426.16
6/25/2010 0:00,820163.3
6/26/2010 0:00,692120.72
6/27/2010 0:00,159861.85
6/28/2010 0:00,910984.08
6/29/2010 0:00,727558.68
6/30/2010 0:00,776756.83
7/1/2010 0:00,1312292.7
7/2/2010 0:00,799662.27
7/3/2010 0:00,188543.54
7/4/2010 0:00,176189.72
7/5/2010 0:00,371520.45
7/6/2010 0:00,797080.12
7/7/2010 0:00,675122.38
7/8/2010 0:00,1070005.49
7/9/2010 0:00,1088452.01
7/10/2010 0:00,279049.24
7/11/2010 0:00,289029.74
7/12/2010 0:00,1220742.46
7/13/2010 0:00,1114053.76
7/14/2010 0:00,950237.61
7/15/2010 0:00,703792.57
7/16/2010 0:00,1029956.26
7/17/2010 0:00,365019.04
7/18/2010 0:00,218122.24
7/19/2010 0:00,868042.77
7/20/2010 0:00,1227057.37
7/21/2010 0:00,732544.1
7/22/2010 0:00,1045255.47
7/23/2010 0:00,781356.1
7/24/2010 0:00,304485.29
7/25/2010 0:00,254098.96
7/26/2010 0:00,1030142.17
7/27/2010 0:00,691960.1
7/28/2010 0:00,1307042.65
7/29/2010 0:00,683496.89
7/30/2010 0:00,1355339.6
7/31/2010 0:00,264007.67
8/1/2010 0:00,615352.08
8/2/2010 0:00,1013772.06
8/3/2010 0:00,811758.77
8/4/2010 0:00,1137696.69
8/5/2010 0:00,916670.63
8/6/2010 0:00,942120.36
8/7/2010 0:00,351742.21
8/8/2010 0:00,359619.71
8/9/2010 0:00,731131.44
8/10/2010 0:00,841180.73
8/11/2010 0:00,1186006.88
8/12/2010 0:00,832567.12
8/13/2010 0:00,968109.82
8/14/2010 0:00,488587.49
8/15/2010 0:00,316265
8/16/2010 0:00,949962.77
8/17/2010 0:00,755836.77
8/18/2010 0:00,1121674.81
8/19/2010 0:00,749404.18
8/20/2010 0:00,1019485.73
8/21/2010 0:00,357226.59
8/22/2010 0:00,316596.6
8/23/2010 0:00,728426.5
8/24/2010 0:00,827002.75
8/25/2010 0:00,1043385.74
8/26/2010 0:00,696906.59
8/27/2010 0:00,913229.42
8/28/2010 0:00,276724.72
8/29/2010 0:00,349800.62
8/30/2010 0:00,1106763.11
8/31/2010 0:00,937886.09
9/1/2010 0:00,1146596.7
9/2/2010 0:00,621332.6
9/3/2010 0:00,890797.66
9/4/2010 0:00,179216.16
9/5/2010 0:00,215351.67
9/6/2010 0:00,347791.43
9/7/2010 0:00,582580.06
9/8/2010 0:00,1192109.62
9/9/2010 0:00,956006.39
9/10/2010 0:00,904095.81
9/11/2010 0:00,553875.72
9/12/2010 0:00,452385.95
9/13/2010 0:00,996660.94
9/14/2010 0:00,719716.12
9/15/2010 0:00,1713648.92
9/16/2010 0:00,994963.41
9/17/2010 0:00,1058611.52
9/18/2010 0:00,367780.81
9/19/2010 0:00,480031.88
9/20/2010 0:00,1228577.07
9/21/2010 0:00,912532.76
9/22/2010 0:00,797051.28
9/23/2010 0:00,792705.78
9/24/2010 0:00,1228555.03
9/25/2010 0:00,246629.86
9/26/2010 0:00,271162.54
9/27/2010 0:00,807641.01
9/28/2010 0:00,844239.4
9/29/2010 0:00,861747.39
9/30/2010 0:00,466042.91
10/1/2010 0:00,897349.99
10/2/2010 0:00,298116.2
10/3/2010 0:00,324439.31
10/4/2010 0:00,1344789.53
10/5/2010 0:00,638116.84
10/6/2010 0:00,1587157.31
10/7/2010 0:00,1198841.58
10/8/2010 0:00,855813.33
10/9/2010 0:00,306797.88
10/10/2010 0:00,180488.05
10/11/2010 0:00,942854.06
10/12/2010 0:00,1402306.1
10/13/2010 0:00,1103631.88
10/14/2010 0:00,875668.45
10/15/2010 0:00,801049.95
10/16/2010 0:00,246904.67
10/17/2010 0:00,217619.94
10/18/2010 0:00,959869.88
10/19/2010 0:00,765715.04
10/20/2010 0:00,1047366.51
10/21/2010 0:00,549547.24
10/22/2010 0:00,1013690.05
10/23/2010 0:00,221260.12
10/24/2010 0:00,265632.31
10/25/2010 0:00,775153.84
10/26/2010 0:00,667400.32
10/27/2010 0:00,1037978.5
10/28/2010 0:00,1008517.51
10/29/2010 0:00,595643.99
10/30/2010 0:00,274128.01
10/31/2010 0:00,522208.98
11/1/2010 0:00,719760.88
11/2/2010 0:00,984356.45
11/3/2010 0:00,965204.77
11/4/2010 0:00,901143.92
11/5/2010 0:00,737659.08
11/6/2010 0:00,398651.35
11/7/2010 0:00,264508.28
11/8/2010 0:00,836451.27
11/9/2010 0:00,771046.01
11/10/2010 0:00,1053395.6
11/11/2010 0:00,637338.69
11/12/2010 0:00,908295.34
11/13/2010 0:00,327376.31
11/14/2010 0:00,321786.71
11/15/2010 0:00,974228.38
11/16/2010 0:00,1099595.86
11/17/2010 0:00,687119.98
11/18/2010 0:00,591893.47
11/19/2010 0:00,664343.83
11/20/2010 0:00,280128.44
11/21/2010 0:00,313800.59
11/22/2010 0:00,683155.98
11/23/2010 0:00,1016717.67
11/24/2010 0:00,854953.69
11/25/2010 0:00,177682.44
11/26/2010 0:00,442718.02
11/27/2010 0:00,338296.79
11/28/2010 0:00,185021.9
11/29/2010 0:00,702990.14
11/30/2010 0:00,362676.9
12/1/2010 0:00,1219219.5
12/2/2010 0:00,839960.47
12/3/2010 0:00,889109.29
12/4/2010 0:00,826112.18
12/5/2010 0:00,309148.4
12/6/2010 0:00,1224637.47
12/7/2010 0:00,1021419.45
12/8/2010 0:00,808707.27
12/9/2010 0:00,798744.35
12/10/2010 0:00,1093504.12
12/11/2010 0:00,470249.14
12/12/2010 0:00,258406.47
12/13/2010 0:00,1243310.64
12/14/2010 0:00,1164197.95
12/15/2010 0:00,865467.88
12/16/2010 0:00,1141788.96
12/17/2010 0:00,801687.38
12/18/2010 0:00,332720.54
12/19/2010 0:00,261238.22
12/20/2010 0:00,636149.84
12/21/2010 0:00,734523.73
12/22/2010 0:00,682467.02
12/23/2010 0:00,893723.85
12/24/2010 0:00,456208.31
12/25/2010 0:00,103078.18
12/26/2010 0:00,490325.97
12/27/2010 0:00,617971.75
12/28/2010 0:00,935963.44
12/29/2010 0:00,552552.3
12/30/2010 0:00,948305.83
12/31/2010 0:00,524419.96
1/1/2011 0:00,320176.9
1/2/2011 0:00,118028.97
1/3/2011 0:00,1186992.27
1/4/2011 0:00,756276.38
1/5/2011 0:00,1131589.11
1/6/2011 0:00,1178253.69
1/7/2011 0:00,820187.28
1/8/2011 0:00,579471.71
1/9/2011 0:00,791993.03
1/10/2011 0:00,1005758.02
1/11/2011 0:00,1057667.13
1/12/2011 0:00,1047661.2
1/13/2011 0:00,604934.35
1/14/2011 0:00,663665.94
1/15/2011 0:00,415910.64
1/16/2011 0:00,323849.18
1/17/2011 0:00,954885.6
1/18/2011 0:00,923905.94
1/19/2011 0:00,1796243.21
1/20/2011 0:00,857150.01
1/21/2011 0:00,867767.78
1/22/2011 0:00,372509.09
1/23/2011 0:00,250127.39
1/24/2011 0:00,1492149.97
1/25/2011 0:00,1076109.65
1/26/2011 0:00,1432853.09
1/27/2011 0:00,688910.32
1/28/2011 0:00,1138978.17
1/29/2011 0:00,288726.73
1/30/2011 0:00,113808.85
1/31/2011 0:00,1385798.21
2/1/2011 0:00,1068700.43
2/2/2011 0:00,532914.31
2/3/2011 0:00,1322957.12
2/4/2011 0:00,1182023.65
2/5/2011 0:00,530531.94
2/6/2011 0:00,336646.54
2/7/2011 0:00,1034190.33
2/8/2011 0:00,1281876.62
2/9/2011 0:00,971444.1
2/10/2011 0:00,1126119.41
2/11/2011 0:00,771807.58
2/12/2011 0:00,141079.15
2/13/2011 0:00,355257.22
2/14/2011 0:00,1176536.21
2/15/2011 0:00,1158650.02
2/16/2011 0:00,769331.69
2/17/2011 0:00,741753.88
2/18/2011 0:00,808097.91
2/19/2011 0:00,407294.23
2/20/2011 0:00,376509.41
2/21/2011 0:00,868870.87
2/22/2011 0:00,1303265.8
2/23/2011 0:00,832910.7
2/24/2011 0:00,981005.56
2/25/2011 0:00,1123524.41
2/26/2011 0:00,324843.89
2/27/2011 0:00,470635.35
2/28/2011 0:00,977384.93
3/1/2011 0:00,924429.33
3/2/2011 0:00,983073.9
3/3/2011 0:00,766625.19
3/4/2011 0:00,829995.59
3/5/2011 0:00,280909.14
3/6/2011 0:00,169813.87
3/7/2011 0:00,1018036.61
3/8/2011 0:00,754573.41
3/9/2011 0:00,709630.86
3/10/2011 0:00,876219.72
3/11/2011 0:00,891153.56
3/12/2011 0:00,281049.01
3/13/2011 0:00,187990.97
3/14/2011 0:00,767143.02
3/15/2011 0:00,866507.99
3/16/2011 0:00,1065460.01
3/17/2011 0:00,767214.56
3/18/2011 0:00,432665.49
3/19/2011 0:00,498994.1
3/20/2011 0:00,182692.86
3/21/2011 0:00,869420.69
3/22/2011 0:00,391169.33
3/23/2011 0:00,1049900.48
3/24/2011 0:00,704809.23
3/25/2011 0:00,826900.27
3/26/2011 0:00,250401.5
3/27/2011 0:00,187065.31
3/28/2011 0:00,1048661.47
3/29/2011 0:00,660648.61
3/30/2011 0:00,498771.27
3/31/2011 0:00,834216.33
4/1/2011 0:00,807512.77
4/2/2011 0:00,242854.29
4/3/2011 0:00,304062.9
4/4/2011 0:00,817218.78
4/5/2011 0:00,887721.25
4/6/2011 0:00,709104.04
4/7/2011 0:00,787172.47
4/8/2011 0:00,931895.31
4/9/2011 0:00,297846.27
4/10/2011 0:00,182886.72
4/11/2011 0:00,733615.18
4/12/2011 0:00,492025.75
4/13/2011 0:00,847409.71
4/14/2011 0:00,613592.91
4/15/2011 0:00,703218.19
4/16/2011 0:00,449594.95
4/17/2011 0:00,189851.89
4/18/2011 0:00,1112278.36
4/19/2011 0:00,960326.4
4/20/2011 0:00,634557.76
4/21/2011 0:00,429380.22
4/22/2011 0:00,407470.02
4/23/2011 0:00,408230.81
4/24/2011 0:00,245750.02
4/25/2011 0:00,826928.84
4/26/2011 0:00,602840.45
4/27/2011 0:00,638953.01
4/28/2011 0:00,660220.48
4/29/2011 0:00,651743.04
4/30/2011 0:00,247374.76
5/1/2011 0:00,333806.55
5/2/2011 0:00,952691.62
5/3/2011 0:00,875735
5/4/2011 0:00,545818
5/5/2011 0:00,705150.96
5/6/2011 0:00,778635.8
5/7/2011 0:00,328618.95
5/8/2011 0:00,199509.98
5/9/2011 0:00,896922.19
5/10/2011 0:00,612741.58
5/11/2011 0:00,819539.31
5/12/2011 0:00,819649.52
5/13/2011 0:00,666542.21
5/14/2011 0:00,267106.78
5/15/2011 0:00,356635.08
5/16/2011 0:00,1009523.67
5/17/2011 0:00,825053.45
5/18/2011 0:00,801604.2
5/19/2011 0:00,1109190.23
5/20/2011 0:00,830081.07
5/21/2011 0:00,286281.77
5/22/2011 0:00,226534.9
5/23/2011 0:00,1154133.68
5/24/2011 0:00,725188.04
5/25/2011 0:00,708357.23
5/26/2011 0:00,777740.35
5/27/2011 0:00,801185.67
5/28/2011 0:00,211302.44
5/29/2011 0:00,162654.86
5/30/2011 0:00,249084.83
5/31/2011 0:00,947057.75
6/1/2011 0:00,807534.7
6/2/2011 0:00,1099610.44
6/3/2011 0:00,673132.88
6/4/2011 0:00,399635.75
6/5/2011 0:00,240346.01
6/6/2011 0:00,898461.57
6/7/2011 0:00,858293.27
6/8/2011 0:00,747340.94
6/9/2011 0:00,1254494.97
6/10/2011 0:00,689821.77
6/11/2011 0:00,300765.8
6/12/2011 0:00,248314.68
6/13/2011 0:00,651065.76
6/14/2011 0:00,719816.66
6/15/2011 0:00,568163.27
6/16/2011 0:00,457880.98
6/17/2011 0:00,818226.9
6/18/2011 0:00,510482.19
6/19/2011 0:00,362194.64
6/20/2011 0:00,1006215.75
6/21/2011 0:00,610459.96
6/22/2011 0:00,968586.06
6/23/2011 0:00,648191.14
6/24/2011 0:00,453597.97
6/25/2011 0:00,309947.13
6/26/2011 0:00,213466.42
6/27/2011 0:00,1028330.51
6/28/2011 0:00,732715.02
6/29/2011 0:00,660989.91
6/30/2011 0:00,727673.89
7/1/2011 0:00,602763.23
7/2/2011 0:00,369493.5
7/3/2011 0:00,369339.39
7/4/2011 0:00,151375.86
7/5/2011 0:00,1087839.74
7/6/2011 0:00,583447.37
7/7/2011 0:00,501306.35
7/8/2011 0:00,604650.71
7/9/2011 0:00,398422.75
7/10/2011 0:00,207421.56
7/11/2011 0:00,637449.85
7/12/2011 0:00,813868.18
7/13/2011 0:00,696950.09
7/14/2011 0:00,993932.71
7/15/2011 0:00,948951.08
7/16/2011 0:00,288105.39
7/17/2011 0:00,310158.56
7/18/2011 0:00,802263.65
7/19/2011 0:00,1265798.45
7/20/2011 0:00,759670.85
7/21/2011 0:00,670077.77
7/22/2011 0:00,689695.27
7/23/2011 0:00,315891.03
7/24/2011 0:00,217856.58
7/25/2011 0:00,732325.49
7/26/2011 0:00,767871.59
7/27/2011 0:00,677976.4
7/28/2011 0:00,653347.84
7/29/2011 0:00,585048.69
7/30/2011 0:00,351381.81
7/31/2011 0:00,214875.04
8/1/2011 0:00,917011.29
8/2/2011 0:00,650205.64
8/3/2011 0:00,592408.32
8/4/2011 0:00,456721.69
8/5/2011 0:00,639191.51
8/6/2011 0:00,301039.5
8/7/2011 0:00,365336.89
8/8/2011 0:00,920897.48
8/9/2011 0:00,601771.18
8/10/2011 0:00,691869.39
8/11/2011 0:00,603360.38
8/12/2011 0:00,1077061.26
8/13/2011 0:00,346410.57
8/14/2011 0:00,812723.02
8/15/2011 0:00,653737.77
8/16/2011 0:00,701692.25
8/17/2011 0:00,843677.2
8/18/2011 0:00,798222.02
8/19/2011 0:00,492592.27
8/20/2011 0:00,289220.02
8/21/2011 0:00,210799.28
8/22/2011 0:00,859673.04
8/23/2011 0:00,730093.2
8/24/2011 0:00,1232877.09
8/25/2011 0:00,718489.08
8/26/2011 0:00,792915.59
8/27/2011 0:00,145150.04
8/28/2011 0:00,359900.41
8/29/2011 0:00,590593.68
8/30/2011 0:00,706419.58
8/31/2011 0:00,699175.37
9/1/2011 0:00,819568.75
9/2/2011 0:00,524768.37
9/3/2011 0:00,240998.28
9/4/2011 0:00,138211.66
9/5/2011 0:00,245078.69
9/6/2011 0:00,603885.37
9/7/2011 0:00,899399.18
9/8/2011 0:00,721116.09
9/9/2011 0:00,501184.39
9/10/2011 0:00,286593.64
9/11/2011 0:00,207942.9
9/12/2011 0:00,535840.99
9/13/2011 0:00,565881.86
9/14/2011 0:00,619955.83
9/15/2011 0:00,711288.13
9/16/2011 0:00,543106.24
9/17/2011 0:00,354452.1
9/18/2011 0:00,278384.7
9/19/2011 0:00,657615.08
9/20/2011 0:00,394207.42
9/21/2011 0:00,721006.46
9/22/2011 0:00,641913.68
9/23/2011 0:00,723569.18
9/24/2011 0:00,284084.89
9/25/2011 0:00,392466.79
9/26/2011 0:00,1095375.88
9/27/2011 0:00,922091.79
9/28/2011 0:00,867297.2
9/29/2011 0:00,563444.06
9/30/2011 0:00,660077.3
10/1/2011 0:00,331382.31
10/2/2011 0:00,197010.62
10/3/2011 0:00,827216.94
10/4/2011 0:00,810571.61
10/5/2011 0:00,802193.87
10/6/2011 0:00,848580.96
10/7/2011 0:00,497270.86
10/8/2011 0:00,236106.42
10/9/2011 0:00,157086.54
10/10/2011 0:00,634917
10/11/2011 0:00,643404.68
10/12/2011 0:00,813784.84
10/13/2011 0:00,695816.99
10/14/2011 0:00,831920.92
10/15/2011 0:00,270805.33
10/16/2011 0:00,260110.03
10/17/2011 0:00,736266.16
10/18/2011 0:00,557760.15
10/19/2011 0:00,687383.9
10/20/2011 0:00,660513.53
10/21/2011 0:00,645465.09
10/22/2011 0:00,249052.06
10/23/2011 0:00,259579.32
10/24/2011 0:00,481396.53
10/25/2011 0:00,525557.71
10/26/2011 0:00,628784.04
10/27/2011 0:00,544332.95
10/28/2011 0:00,500901.72
10/29/2011 0:00,222403.6
10/30/2011 0:00,99670.7
10/31/2011 0:00,586541.62
11/1/2011 0:00,1019764.66
11/2/2011 0:00,651614.55
11/3/2011 0:00,663630.96
11/4/2011 0:00,776269.64
11/5/2011 0:00,276994.02
11/6/2011 0:00,179401.37
11/7/2011 0:00,511788.44
11/8/2011 0:00,765135.91
11/9/2011 0:00,778181.67
11/10/2011 0:00,730470.43
11/11/2011 0:00,527802.04
11/12/2011 0:00,249989.65
11/13/2011 0:00,176163.66
11/14/2011 0:00,787927.33
11/15/2011 0:00,570796.69
11/16/2011 0:00,580634.03
11/17/2011 0:00,465399.66
11/18/2011 0:00,447484.22
11/19/2011 0:00,461852.71
11/20/2011 0:00,190306.78
11/21/2011 0:00,684322.18
11/22/2011 0:00,493256.02
11/23/2011 0:00,409551.97
11/24/2011 0:00,67121.57
11/25/2011 0:00,248807.51
11/26/2011 0:00,194481.81
11/27/2011 0:00,231209.23
11/28/2011 0:00,670983.44
11/29/2011 0:00,543975.71
11/30/2011 0:00,645944.87
12/1/2011 0:00,916303.84
12/2/2011 0:00,408671.4
12/3/2011 0:00,231778.64
12/4/2011 0:00,209189.12
12/5/2011 0:00,577041.94
12/6/2011 0:00,680706.07
12/7/2011 0:00,785362.22
12/8/2011 0:00,799251.6
12/9/2011 0:00,604478.91
12/10/2011 0:00,178183.58
12/11/2011 0:00,175722.34
12/12/2011 0:00,630073.44
12/13/2011 0:00,877857.35
12/14/2011 0:00,445215.2
12/15/2011 0:00,583570.87
12/16/2011 0:00,658649.2
12/17/2011 0:00,176384.93
12/18/2011 0:00,201141.13
12/19/2011 0:00,367362.85
12/20/2011 0:00,692483.79
12/21/2011 0:00,364325.42
12/22/2011 0:00,602508.39
12/23/2011 0:00,330508.92
12/24/2011 0:00,122396.03
12/25/2011 0:00,56919.31
12/26/2011 0:00,211353.97
12/27/2011 0:00,341875.07
12/28/2011 0:00,445978.37
12/29/2011 0:00,562425.27
12/30/2011 0:00,353280.88
12/31/2011 0:00,142866.02
1/1/2012 0:00,271472.78
1/2/2012 0:00,408389.79
1/3/2012 0:00,574711.85
1/4/2012 0:00,540059.24
1/5/2012 0:00,644548.91
1/6/2012 0:00,720506.71
1/7/2012 0:00,207411.24
1/8/2012 0:00,263553.39
1/9/2012 0:00,735923.57
1/10/2012 0:00,631742.47
1/11/2012 0:00,533975.66
1/12/2012 0:00,689013.84
1/13/2012 0:00,819851.89
1/14/2012 0:00,209604.73
1/15/2012 0:00,202662.12
1/16/2012 0:00,384218.74
1/17/2012 0:00,774093.78
1/18/2012 0:00,911344.41
1/19/2012 0:00,633034.85
1/20/2012 0:00,634315.27
1/21/2012 0:00,368327.03
1/22/2012 0:00,199354.34
1/23/2012 0:00,976100.42
1/24/2012 0:00,444316.01
1/25/2012 0:00,580909.54
1/26/2012 0:00,697162.07
1/27/2012 0:00,447527.38
1/28/2012 0:00,311165.87
1/29/2012 0:00,231376.14
1/30/2012 0:00,692669.82
1/31/2012 0:00,722359.24
2/1/2012 0:00,573399.56
2/2/2012 0:00,645289.83
2/3/2012 0:00,323957.3
2/4/2012 0:00,396274.09
2/5/2012 0:00,100484.23
2/6/2012 0:00,466419.58
2/7/2012 0:00,577885.28
2/8/2012 0:00,460602.97
2/9/2012 0:00,591190.52
2/10/2012 0:00,412805.58
2/11/2012 0:00,258394.74
2/12/2012 0:00,152899.47
2/13/2012 0:00,795617.12
2/14/2012 0:00,474153.52
2/15/2012 0:00,742663.47
2/16/2012 0:00,534885.8
2/17/2012 0:00,553364.54
2/18/2012 0:00,212268.93
2/19/2012 0:00,146043.51
2/20/2012 0:00,692717.53
2/21/2012 0:00,467759.46
2/22/2012 0:00,394727.55
2/23/2012 0:00,461435.67
2/24/2012 0:00,720910.05
2/25/2012 0:00,248746.35
2/26/2012 0:00,289955.01
2/27/2012 0:00,635217.99
2/28/2012 0:00,727055.64
2/29/2012 0:00,552185.15
3/1/2012 0:00,615976.53
3/2/2012 0:00,507092.97
3/3/2012 0:00,236806.64
3/4/2012 0:00,170644.56
3/5/2012 0:00,782725.47
3/6/2012 0:00,729174.97
3/7/2012 0:00,604874.73
3/8/2012 0:00,482878
3/9/2012 0:00,434069.16
3/10/2012 0:00,190155.56
3/11/2012 0:00,168794.56
3/12/2012 0:00,411751.62
3/13/2012 0:00,451290.37
3/14/2012 0:00,567083.82
3/15/2012 0:00,481914.35
3/16/2012 0:00,393539.99
3/17/2012 0:00,163643.79
3/18/2012 0:00,211168.13
3/19/2012 0:00,686789.39
3/20/2012 0:00,556187.81
3/21/2012 0:00,508312.25
3/22/2012 0:00,554614.13
3/23/2012 0:00,465603.4
3/24/2012 0:00,247970.47
3/25/2012 0:00,172433.33
3/26/2012 0:00,469691.37
3/27/2012 0:00,495250.44
3/28/2012 0:00,556584.41
3/29/2012 0:00,435579.77
3/30/2012 0:00,520586.4
3/31/2012 0:00,189099.27
4/1/2012 0:00,249485
4/2/2012 0:00,564183.59
4/3/2012 0:00,491876.82
4/4/2012 0:00,700333.29
4/5/2012 0:00,377181.97
4/6/2012 0:00,358729.26
4/7/2012 0:00,214668.88
4/8/2012 0:00,96014.85
4/9/2012 0:00,735754.1
4/10/2012 0:00,459830.72
4/11/2012 0:00,486806.66
4/12/2012 0:00,445115.68
4/13/2012 0:00,411827.11
4/14/2012 0:00,260147.53
4/15/2012 0:00,220984.68
4/16/2012 0:00,887670.09
4/17/2012 0:00,479477.28
4/18/2012 0:00,703274.73
4/19/2012 0:00,607325
4/20/2012 0:00,316535.69
4/21/2012 0:00,213858.95
4/22/2012 0:00,178981.93
4/23/2012 0:00,565145.01
4/24/2012 0:00,539974.37
4/25/2012 0:00,557255.55
4/26/2012 0:00,490314.58
4/27/2012 0:00,492264.24
4/28/2012 0:00,257611
4/29/2012 0:00,252592.73
4/30/2012 0:00,629878.48
5/1/2012 0:00,616128.8
5/2/2012 0:00,671299.12
5/3/2012 0:00,500836.58
5/4/2012 0:00,569005.74
5/5/2012 0:00,382330.37
5/6/2012 0:00,101640.79
5/7/2012 0:00,521287.23
5/8/2012 0:00,436290.86
5/9/2012 0:00,547855.76
5/10/2012 0:00,444120.28
5/11/2012 0:00,513362.14
5/12/2012 0:00,178826.58
5/13/2012 0:00,133196.89
5/14/2012 0:00,570946.37
5/15/2012 0:00,572531.42
5/16/2012 0:00,523442
5/17/2012 0:00,495700.49
5/18/2012 0:00,354923.96
5/19/2012 0:00,253881.11
5/20/2012 0:00,197483.29
5/21/2012 0:00,688197.71
5/22/2012 0:00,542287.35
5/23/2012 0:00,548575.88
5/24/2012 0:00,448033.59
5/25/2012 0:00,490165.82
5/26/2012 0:00,331093.76
5/27/2012 0:00,211097.35
5/28/2012 0:00,137593.35
5/29/2012 0:00,536264.2
5/30/2012 0:00,616991.5
5/31/2012 0:00,501140.44
6/1/2012 0:00,456601.04
6/2/2012 0:00,137637.18
6/3/2012 0:00,224574.1
6/4/2012 0:00,737088.37
6/5/2012 0:00,576782.97
6/6/2012 0:00,370169.96
6/7/2012 0:00,408150.13
6/8/2012 0:00,504883.38
6/9/2012 0:00,113362.71
6/10/2012 0:00,124667.83
6/11/2012 0:00,548550.68
6/12/2012 0:00,507945.38
6/13/2012 0:00,440939.05
6/14/2012 0:00,535004.15
6/15/2012 0:00,375915.45
6/16/2012 0:00,216107.92
6/17/2012 0:00,251629.12
6/18/2012 0:00,413706.61
6/19/2012 0:00,501454.81
6/20/2012 0:00,705385.65
6/21/2012 0:00,594546.62
6/22/2012 0:00,459875.1
6/23/2012 0:00,262355.61
6/24/2012 0:00,154421.35
6/25/2012 0:00,507273.01
6/26/2012 0:00,456231.66
6/27/2012 0:00,592148.79
6/28/2012 0:00,374024.78
6/29/2012 0:00,458899.58
6/30/2012 0:00,274779.94
7/1/2012 0:00,235882.56
7/2/2012 0:00,601464.09
7/3/2012 0:00,442082.96
7/4/2012 0:00,135796.68
7/5/2012 0:00,506247.28
7/6/2012 0:00,452123.79
7/7/2012 0:00,236997.21
7/8/2012 0:00,127211.05
7/9/2012 0:00,473764.78
7/10/2012 0:00,396708.53
7/11/2012 0:00,421215.72
7/12/2012 0:00,407994.5
7/13/2012 0:00,363810.22
7/14/2012 0:00,184252.39
7/15/2012 0:00,160772.46
7/16/2012 0:00,603274.54
7/17/2012 0:00,449728.34
7/18/2012 0:00,538447.29
7/19/2012 0:00,473329.27
7/20/2012 0:00,344714.97
7/21/2012 0:00,354725.82
7/22/2012 0:00,138682.39
7/23/2012 0:00,485132.22
7/24/2012 0:00,400551.62
7/25/2012 0:00,469154.1
7/26/2012 0:00,410891.41
7/27/2012 0:00,371639.93
7/28/2012 0:00,142452.6
7/29/2012 0:00,81379.96
7/30/2012 0:00,500219.62
7/31/2012 0:00,398275.71
8/1/2012 0:00,401978.5
8/2/2012 0:00,437303.89
8/3/2012 0:00,356698.03
8/4/2012 0:00,293321.43
8/5/2012 0:00,206567.97
8/6/2012 0:00,461916.79
8/7/2012 0:00,559990.9
8/8/2012 0:00,334993.03
8/9/2012 0:00,370973.6
8/10/2012 0:00,459101.05
8/11/2012 0:00,217961.83
8/12/2012 0:00,146190.72
8/13/2012 0:00,330353.26
8/14/2012 0:00,512749.16
8/15/2012 0:00,457052.39
8/16/2012 0:00,519299.45
8/17/2012 0:00,353484.36
8/18/2012 0:00,199081.77
8/19/2012 0:00,232080.48
8/20/2012 0:00,547344.88
8/21/2012 0:00,613128.76
8/22/2012 0:00,441582.08
8/23/2012 0:00,457455.99
8/24/2012 0:00,376050.71
8/25/2012 0:00,158329.16
8/26/2012 0:00,155114.66
8/27/2012 0:00,483435.3
8/28/2012 0:00,536231.89
8/29/2012 0:00,722733.04
8/30/2012 0:00,318606.65
8/31/2012 0:00,306049.62
9/1/2012 0:00,199905.12
9/2/2012 0:00,170997.59
9/3/2012 0:00,104276.93
9/4/2012 0:00,375095.27
9/5/2012 0:00,442679.52
9/6/2012 0:00,361900.13
9/7/2012 0:00,461254.02
9/8/2012 0:00,190518.25
9/9/2012 0:00,136737.29
9/10/2012 0:00,405596.17
9/11/2012 0:00,304752.99
9/12/2012 0:00,291346.63
9/13/2012 0:00,435579.47
9/14/2012 0:00,355229.17
9/15/2012 0:00,218262.43
9/16/2012 0:00,156922.98
9/17/2012 0:00,406582.55
9/18/2012 0:00,354225.97
9/19/2012 0:00,333440.12
9/20/2012 0:00,443189.18
9/21/2012 0:00,341624.96
9/22/2012 0:00,150134.19
9/23/2012 0:00,234311.68
9/24/2012 0:00,485022.65
9/25/2012 0:00,350813.11
9/26/2012 0:00,400899.85
9/27/2012 0:00,395161.75
9/28/2012 0:00,272818.07
9/29/2012 0:00,201794.92
9/30/2012 0:00,169919.21
10/1/2012 0:00,268193.21
10/2/2012 0:00,441939.59
10/3/2012 0:00,353219.14
10/4/2012 0:00,382954.6
10/5/2012 0:00,333835.43
10/6/2012 0:00,183910.57
10/7/2012 0:00,146279.75
10/8/2012 0:00,331211.19
10/9/2012 0:00,235055.94
10/10/2012 0:00,459509.38
10/11/2012 0:00,373867.94
10/12/2012 0:00,263340.69
10/13/2012 0:00,135462.42
10/14/2012 0:00,86397.39
10/15/2012 0:00,341031.29
10/16/2012 0:00,352078.14
10/17/2012 0:00,383675.05
10/18/2012 0:00,240158.58
10/19/2012 0:00,389053.61
10/20/2012 0:00,203020.48
10/21/2012 0:00,123917.75
10/22/2012 0:00,279867.53
10/23/2012 0:00,319109.72
10/24/2012 0:00,359272.5
10/25/2012 0:00,230429.05
10/26/2012 0:00,305542.88
10/27/2012 0:00,142872.75
10/28/2012 0:00,99071.08
10/29/2012 0:00,337182.18
10/30/2012 0:00,313608.22
10/31/2012 0:00,286375.43
11/1/2012 0:00,350571.89
11/2/2012 0:00,184368.73
11/3/2012 0:00,191653.95
11/4/2012 0:00,120857.26
11/5/2012 0:00,274003.79
11/6/2012 0:00,307808.38
11/7/2012 0:00,405764.2
11/8/2012 0:00,286803.23
11/9/2012 0:00,364835.34
11/10/2012 0:00,107219.77
11/11/2012 0:00,78342.93
11/12/2012 0:00,328950.62
11/13/2012 0:00,355017.33
11/14/2012 0:00,312812.44
11/15/2012 0:00,290127.41
11/16/2012 0:00,251142.92
11/17/2012 0:00,86155.79
11/18/2012 0:00,82646.97
11/19/2012 0:00,312307.34
11/20/2012 0:00,291302.27
11/21/2012 0:00,228689.57
11/22/2012 0:00,89923.22
11/23/2012 0:00,167591.59
11/24/2012 0:00,121327.9
11/25/2012 0:00,117324.33
11/26/2012 0:00,318813.76
11/27/2012 0:00,264203.55
11/28/2012 0:00,370230.88
11/29/2012 0:00,341234.48
11/30/2012 0:00,246246.23
12/1/2012 0:00,161162.36
12/2/2012 0:00,108915.98
12/3/2012 0:00,346533.9
12/4/2012 0:00,273579.73
12/5/2012 0:00,223682.61
12/6/2012 0:00,234289.31
12/7/2012 0:00,227416.12
12/8/2012 0:00,138167.22
12/9/2012 0:00,98510.27
12/10/2012 0:00,332578.13
12/11/2012 0:00,275461.21
12/12/2012 0:00,300141.99
12/13/2012 0:00,286956.27
12/14/2012 0:00,163177.79
12/15/2012 0:00,122248.49
12/16/2012 0:00,61831.66
12/17/2012 0:00,213017.79
12/18/2012 0:00,236856.14
12/19/2012 0:00,261379.12
12/20/2012 0:00,198474.71
12/21/2012 0:00,271693.98
12/22/2012 0:00,133142.65
12/23/2012 0:00,70524.24
12/24/2012 0:00,157421.3
12/25/2012 0:00,20890.8
12/26/2012 0:00,235681.44
12/27/2012 0:00,323173.28
12/28/2012 0:00,222139.02
12/29/2012 0:00,159118.96
12/30/2012 0:00,159289.35
12/31/2012 0:00,167630.73
1/1/2013 0:00,95552.8
1/2/2013 0:00,249253.55
1/3/2013 0:00,237300.28
1/4/2013 0:00,320482.56
1/5/2013 0:00,121475.79
1/6/2013 0:00,116465.97
1/7/2013 0:00,246095.2
1/8/2013 0:00,333431.47
1/9/2013 0:00,206405.19
1/10/2013 0:00,201119.22
1/11/2013 0:00,169553.41
1/12/2013 0:00,95607.64
1/13/2013 0:00,96819.29
1/14/2013 0:00,275740.79
1/15/2013 0:00,238883.58
1/16/2013 0:00,323283.25
1/17/2013 0:00,240429.26
1/18/2013 0:00,137471.13
1/19/2013 0:00,94176.41
1/20/2013 0:00,81960.52
1/21/2013 0:00,94675.27
1/22/2013 0:00,201671.54
1/23/2013 0:00,259622.66
1/24/2013 0:00,166731.79
1/25/2013 0:00,242222.31
1/26/2013 0:00,93285.06
1/27/2013 0:00,113160.55
1/28/2013 0:00,234388.07
1/29/2013 0:00,312381.23
1/30/2013 0:00,297811.72
1/31/2013 0:00,247860.31
2/1/2013 0:00,186526.03
2/2/2013 0:00,84906.35
2/3/2013 0:00,86625.29
2/4/2013 0:00,213570.99
2/5/2013 0:00,214166.43
2/6/2013 0:00,217977.16
2/7/2013 0:00,197520.77
2/8/2013 0:00,175790.29
2/9/2013 0:00,87074.87
2/10/2013 0:00,121143.9
2/11/2013 0:00,210810.52
2/12/2013 0:00,170904.81
2/13/2013 0:00,170203.5
2/14/2013 0:00,151130.39
2/15/2013 0:00,181549.33
2/16/2013 0:00,52411.77
2/17/2013 0:00,58563.08
2/18/2013 0:00,174160.51
2/19/2013 0:00,244173.68
2/20/2013 0:00,189488.87
2/21/2013 0:00,156791.9
2/22/2013 0:00,163231.8
2/23/2013 0:00,112789.06
2/24/2013 0:00,91625.82
2/25/2013 0:00,196764.76
2/26/2013 0:00,248108.71
2/27/2013 0:00,208097.99
2/28/2013 0:00,166581.48
3/1/2013 0:00,177168.01
3/2/2013 0:00,99354.47
3/3/2013 0:00,61757.36
3/4/2013 0:00,201204.14
3/5/2013 0:00,168538.98
3/6/2013 0:00,159336.95
3/7/2013 0:00,174342
3/8/2013 0:00,140387.5
3/9/2013 0:00,81563.2
3/10/2013 0:00,67567.21
3/11/2013 0:00,144208.23
3/12/2013 0:00,203726.43
3/13/2013 0:00,168218.15
3/14/2013 0:00,165219.79
3/15/2013 0:00,120222.8
3/16/2013 0:00,56217.94
3/17/2013 0:00,44285.08
3/18/2013 0:00,154708.01
3/19/2013 0:00,134423.97
3/20/2013 0:00,135325.56
3/21/2013 0:00,116971.77
3/22/2013 0:00,106610.13
3/23/2013 0:00,65930.13
3/24/2013 0:00,61353.48
3/25/2013 0:00,123891.86
3/26/2013 0:00,97600.8
3/27/2013 0:00,118443.81
3/28/2013 0:00,90002.25
3/29/2013 0:00,89142.46
3/30/2013 0:00,27895.97
3/31/2013 0:00,30377.65
4/1/2013 0:00,92921.16
4/2/2013 0:00,97239.33
4/3/2013 0:00,105739.69
4/4/2013 0:00,102010.22
4/5/2013 0:00,84765.79
4/6/2013 0:00,53001.34
4/7/2013 0:00,35736.22
4/8/2013 0:00,113976.5
4/9/2013 0:00,97775.51
4/10/2013 0:00,77459.43
4/11/2013 0:00,65199.9
4/12/2013 0:00,61662.6
4/13/2013 0:00,50585.32
4/14/2013 0:00,44081.59
4/15/2013 0:00,96700.76
4/16/2013 0:00,63575.12
4/17/2013 0:00,72993.17
4/18/2013 0:00,84581.11
4/19/2013 0:00,79606.7
4/20/2013 0:00,28044.69
4/21/2013 0:00,34807.77
4/22/2013 0:00,71691.42
4/23/2013 0:00,93414.5
4/24/2013 0:00,83462.97
4/25/2013 0:00,65948.37
4/26/2013 0:00,71993.79
4/27/2013 0:00,34184.5
4/28/2013 0:00,16820.87
4/29/2013 0:00,50242.67
4/30/2013 0:00,32820.99
5/1/2013 0:00,63313.75
5/2/2013 0:00,72547.91
5/3/2013 0:00,49215.58
5/4/2013 0:00,20924.99
5/5/2013 0:00,27724.02
5/6/2013 0:00,47950.86
5/7/2013 0:00,52373.73
5/8/2013 0:00,41934.31
5/9/2013 0:00,41218.05
5/10/2013 0:00,47631.17
5/11/2013 0:00,19476.38
5/12/2013 0:00,26435.63
5/13/2013 0:00,42850.38
5/14/2013 0:00,43348.51
5/15/2013 0:00,51175.95
5/16/2013 0:00,29411.81
5/17/2013 0:00,25181.33
5/18/2013 0:00,17022.57
5/19/2013 0:00,12706.45
5/20/2013 0:00,21864.19
5/21/2013 0:00,26231.25
5/22/2013 0:00,20062.43
5/23/2013 0:00,22002.85
5/24/2013 0:00,14887.35
5/25/2013 0:00,10208.97
5/26/2013 0:00,5332.03
5/27/2013 0:00,10410.27
5/28/2013 0:00,12518.33
5/29/2013 0:00,13264.12
5/30/2013 0:00,15969.97
5/31/2013 0:00,9376.57
6/1/2013 0:00,4842.07
6/2/2013 0:00,5269.67
6/3/2013 0:00,7431.75
6/4/2013 0:00,3989.71
6/5/2013 0:00,5196.26
6/6/2013 0:00,4668.78
6/7/2013 0:00,3654.11
6/8/2013 0:00,731.8
6/9/2013 0:00,565.92
6/10/2013 0:00,2044.07
6/11/2013 0:00,2043.88
6/12/2013 0:00,2499.04
6/13/2013 0:00,2258.25
6/14/2013 0:00,1479.38
6/15/2013 0:00,711.15
6/16/2013 0:00,78.85
6/17/2013 0:00,1784.55
6/18/2013 0:00,849.36
6/19/2013 0:00,242.13
6/20/2013 0:00,115.57
